date	snp	bg	line							
1-Sep-09	100	100								
2-Sep-09	99.7	99.52								
3-Sep-09	100.55	100.87								
4-Sep-09	101.88	102.62								
8-Sep-09	102.8	103.78			280.65	280.65				
9-Sep-09	103.6	104.63								
10-Sep-09	104.68	105.72								
11-Sep-09	104.56	105.78								
14-Sep-09	105.23	106.79								
15-Sep-09	105.56	107.73								
16-Sep-09	107.18	109.65								
17-Sep-09	106.87	109.08								
18-Sep-09	107.15	109.07								
21-Sep-09	106.78	108.53								
22-Sep-09	107.49	109.75								
23-Sep-09	106.41	108.08								
24-Sep-09	105.41	106.29								
25-Sep-09	104.77	105.48								
28-Sep-09	106.65	107.03								
29-Sep-09	106.42	106.92								
30-Sep-09	106.07	107.36								
1-Oct-09	103.34	104.46								
2-Oct-09	102.88	103.82								
5-Oct-09	104.41	106.02								
6-Oct-09	105.85	107.81								
7-Oct-09	106.19	107.98								
8-Oct-09	106.98	110.1								
9-Oct-09	107.59	111.07								
12-Oct-09	108.06	111.66								
13-Oct-09	107.77	111.6								
14-Oct-09	109.66	114								
15-Oct-09	110.12	114.96								
16-Oct-09	109.23	114.38								
19-Oct-09	110.25	115.99								
20-Oct-09	109.57	115.54								
21-Oct-09	108.61	114.55								
22-Oct-09	109.78	115.28								
23-Oct-09	108.44	112.88								
26-Oct-09	107.17	111.63								
27-Oct-09	106.81	110.76								
28-Oct-09	104.74	107.65								
29-Oct-09	107.11	110.16								
30-Oct-09	104.1	106.76								
2-Nov-09	104.78	107.61								
3-Nov-09	105.03	109.08								
4-Nov-09	105.18	109.55								
5-Nov-09	107.21	110.95								
6-Nov-09	107.49	111.21								
9-Nov-09	109.91	113.84								
10-Nov-09	109.93	113.75								
11-Nov-09	110.49	114.1								
12-Nov-09	109.37	112.41								
13-Nov-09	110	112.81								
16-Nov-09	111.61	114.93								
17-Nov-09	111.73	114.97								
18-Nov-09	111.69	114.22								
19-Nov-09	110.19	112.27								
20-Nov-09	109.86	111.96								
23-Nov-09	111.36	113.13								
24-Nov-09	111.3	113.05								
25-Nov-09	111.82	114.09								
27-Nov-09	109.92	112.05								
30-Nov-09	110.35	112.17								
1-Dec-09	111.69	113.83								
2-Dec-09	111.74	113.41								
3-Dec-09	110.8	112.15								
4-Dec-09	111.42	112.57								
7-Dec-09	111.15	113								
8-Dec-09	110.02	111.88								
9-Dec-09	110.44	112.03								
10-Dec-09	111.09	113.05								
11-Dec-09	111.5	113.42								
14-Dec-09	112.3	114.53								
15-Dec-09	111.68	114.35								
16-Dec-09	111.8	114.2								
17-Dec-09	110.49	112.84								
18-Dec-09	111.12	113.17								
21-Dec-09	112.3	114.33								
22-Dec-09	112.7	114.42								
23-Dec-09	112.99	114.86								
24-Dec-09	113.58	115.12								
28-Dec-09	113.73	115.51								
29-Dec-09	113.59	115.74								
30-Dec-09	113.62	115.71								
31-Dec-09	112.48	114.54								
4-Jan-10	114.29	116.05								
5-Jan-10	114.65	116.54								
6-Jan-10	114.76	116.62								
7-Jan-10	115.22	117.25								
8-Jan-10	115.56	117.94								
11-Jan-10	115.76	118.33								
12-Jan-10	114.67	117.81								
13-Jan-10	115.64	118.81								
14-Jan-10	115.92	119.01								
15-Jan-10	114.67	117.95								
19-Jan-10	116.1	119.16								
20-Jan-10	114.89	117.86								
21-Jan-10	112.72	116.34								
22-Jan-10	110.22	114.65								
25-Jan-10	110.73	115.58								
26-Jan-10	110.27	115.69								
27-Jan-10	110.81	115.69								
28-Jan-10	109.51	114.23								
29-Jan-10	108.43	113.15								
1-Feb-10	109.98	115.14								
2-Feb-10	111.41	116.67								
3-Feb-10	110.84	116.12								
4-Feb-10	107.39	112.87								
5-Feb-10	107.7	112.53								
8-Feb-10	106.78	111.77								
9-Feb-10	108.18	113.31								
10-Feb-10	107.96	112.95								
11-Feb-10	109.02	114.22								
12-Feb-10	108.75	113.88								
16-Feb-10	110.72	115.62								
17-Feb-10	111.21	116.48								
18-Feb-10	111.95	117.35								
19-Feb-10	112.21	117.81								
22-Feb-10	112.09	117.81								
23-Feb-10	110.74	116.87								
24-Feb-10	111.84	117.74								
25-Feb-10	111.63	117.7								
26-Feb-10	111.79	117.64								
1-Mar-10	112.93	118.77								
2-Mar-10	113.19	119.08								
3-Mar-10	113.26	119.07								
4-Mar-10	113.69	119.32								
5-Mar-10	115.28	120.63								
8-Mar-10	115.28	120.56								
9-Mar-10	115.49	120.84								
10-Mar-10	116.02	121.36								
11-Mar-10	116.53	121.8								
12-Mar-10	116.51	121.66								
15-Mar-10	116.56	122.21								
16-Mar-10	117.47	122.99								
17-Mar-10	118.16	123.68								
18-Mar-10	118.12	124.31								
19-Mar-10	117.52	123.54								
22-Mar-10	118.12	124.28								
23-Mar-10	118.98	124.67								
24-Mar-10	118.33	123.72								
25-Mar-10	118.13	123.53								
26-Mar-10	118.21	123.7								
29-Mar-10	118.91	124.53								
30-Mar-10	118.93	124.96								
31-Mar-10	118.54	124.37								
1-Apr-10	119.42	125.08								
5-Apr-10	120.37	126.06								
6-Apr-10	120.58	125.77								
7-Apr-10	119.92	125.24								
8-Apr-10	120.33	125.72								
9-Apr-10	121.13	126.69								
12-Apr-10	121.35	126.77								
13-Apr-10	121.44	126.87								
14-Apr-10	122.8	127.37								
15-Apr-10	122.9	127.52								
16-Apr-10	120.92	126.22								
19-Apr-10	121.47	126.75								
20-Apr-10	122.45	128.01								
21-Apr-10	122.32	128.39								
22-Apr-10	122.61	129.34								
23-Apr-10	123.48	129.99								
26-Apr-10	122.95	129.69								
27-Apr-10	120.08	127.17								
28-Apr-10	120.87	127.19								
29-Apr-10	122.45	129.17								
30-Apr-10	120.41	127.09								
3-May-10	121.99	128.75								
4-May-10	119.08	125.97								
5-May-10	118.34	125.46								
6-May-10	114.53	122.15								
7-May-10	112.77	119.72								
10-May-10	117.74	125.05								
11-May-10	117.36	124.63								
12-May-10	119.01	126.41								
13-May-10	117.58	124.81								
14-May-10	115.37	122.76								
17-May-10	115.52	123.21								
18-May-10	113.9	121.99								
19-May-10	113.32	120.92								
20-May-10	108.92	116.78								
21-May-10	110.55	118.51								
24-May-10	109.13	117.35								
25-May-10	109.17	117.58								
26-May-10	108.57	116.89								
27-May-10	112.18	119.52								
28-May-10	110.79	118.3								
1-Jun-10	108.9	116.47								
2-Jun-10	111.73	119.35								
3-Jun-10	112.19	119.76								
4-Jun-10	108.33	115.68								
7-Jun-10	106.87	113.75								
8-Jun-10	108.06	114.7								
9-Jun-10	107.42	114.51								
10-Jun-10	110.59	117.61								
11-Jun-10	111.12	118.19								
14-Jun-10	110.92	118.41								
15-Jun-10	113.53	120.87								
16-Jun-10	113.47	120.72								
17-Jun-10	113.63	120.75								
18-Jun-10	113.78	120.93								
21-Jun-10	113.34	120.42								
22-Jun-10	111.53	118.25								
23-Jun-10	111.2	117.96								
24-Jun-10	109.34	115.76								
25-Jun-10	109.65	115.65								
28-Jun-10	109.45	116.15								
29-Jun-10	106.06	112.98								
30-Jun-10	105	112.24								
1-Jul-10	104.66	112.4								
2-Jul-10	104.18	111.93								
6-Jul-10	104.73	111.86								
7-Jul-10	108.07	114.77								
8-Jul-10	109.09	115.76								
9-Jul-10	109.87	116.3								
12-Jul-10	109.96	116.55								
13-Jul-10	111.66	118.15								
14-Jul-10	111.64	118.6								
15-Jul-10	111.78	118.93								
16-Jul-10	108.56	115.98								
19-Jul-10	109.21	116.23								
20-Jul-10	110.46	117.83								
21-Jul-10	109.06	116.23								
22-Jul-10	111.52	117.94								
23-Jul-10	112.43	119.26								
26-Jul-10	113.69	120.22								
27-Jul-10	113.57	119.38								
28-Jul-10	112.8	119.22								
29-Jul-10	112.34	118.82								
30-Jul-10	112.35	119.25								
2-Aug-10	114.83	121.48								
3-Aug-10	114.28	120.91								
4-Aug-10	115.01	121.96								
5-Aug-10	114.87	122.28								
6-Aug-10	114.45	122.1								
9-Aug-10	115.08	122.66								
10-Aug-10	114.4	121.86								
11-Aug-10	111.23	118.54								
12-Aug-10	110.65	118.03								
13-Aug-10	110.21	117.51								
16-Aug-10	110.23	117.48								
17-Aug-10	111.6	119.36								
18-Aug-10	111.78	119.57								
19-Aug-10	109.89	117.55								
20-Aug-10	109.49	117.26								
23-Aug-10	109.05	117.02								
24-Aug-10	107.47	114.67								
25-Aug-10	107.83	115.03								
26-Aug-10	107.01	114.6								
27-Aug-10	108.81	116.26								
30-Aug-10	107.23	114.79								
31-Aug-10	107.28	113.94								
1-Sep-10	110.46	117.42								
2-Sep-10	111.47	118.57								
3-Sep-10	112.94	119.87								
7-Sep-10	111.66	119.01								
8-Sep-10	112.4	119.45								
9-Sep-10	112.94	119.72								
10-Sep-10	113.5	120.62								
13-Sep-10	114.8	121.79								
14-Sep-10	114.72	122.09								
15-Sep-10	115.13	122.63								
16-Sep-10	115.1	122.54								
17-Sep-10	115.2	123.17								
20-Sep-10	116.95	124.62								
21-Sep-10	116.66	124.28								
22-Sep-10	116.11	123.72								
23-Sep-10	115.14	122.69								
24-Sep-10	117.58	125.44								
27-Sep-10	116.92	124.2								
28-Sep-10	117.5	124.81								
29-Sep-10	117.21	124.35								
30-Sep-10	116.85	123.98								
1-Oct-10	117.37	123.99								
4-Oct-10	116.44	123.03								
5-Oct-10	118.87	125.33								
6-Oct-10	118.85	125.69								
7-Oct-10	118.65	125.35								
8-Oct-10	119.38	126.11								
11-Oct-10	119.39	126.05								
12-Oct-10	119.85	126.22								
13-Oct-10	120.72	127.68								
14-Oct-10	120.28	127.22								
15-Oct-10	120.52	127.82								
18-Oct-10	121.4	128.31								
19-Oct-10	119.47	126.49								
20-Oct-10	120.74	127.83								
21-Oct-10	120.96	128.96								
22-Oct-10	121.25	128.88								
25-Oct-10	121.52	129.49								
26-Oct-10	121.52	129.88								
27-Oct-10	121.21	129.69								
28-Oct-10	121.35	129.73								
29-Oct-10	121.3	129.92								
1-Nov-10	121.41	129.9								
2-Nov-10	122.36	130.78								
3-Nov-10	122.83	131.23								
4-Nov-10	125.22	133.41								
5-Nov-10	125.72	133.6								
8-Nov-10	125.47	133.34								
9-Nov-10	124.5	132.47								
10-Nov-10	125.07	132.88								
11-Nov-10	124.54	132.63								
12-Nov-10	123.07	131.04								
15-Nov-10	122.93	130.95								
16-Nov-10	120.97	129.19								
17-Nov-10	121.02	129.49								
18-Nov-10	122.88	131.05								
19-Nov-10	123.2	131.66								
22-Nov-10	123.01	131.53								
23-Nov-10	121.26	130.08								
24-Nov-10	123.07	131.94								
26-Nov-10	122.18	130.77								
29-Nov-10	122.05	130.31								
30-Nov-10	121.32	129.81								
1-Dec-10	123.96	132.12								
2-Dec-10	125.55	133.01								
3-Dec-10	125.88	133.43								
6-Dec-10	125.72	133.1								
7-Dec-10	125.79	133.56								
8-Dec-10	126.29	133.59								
9-Dec-10	126.78	133.46								
10-Dec-10	127.54	133.48								
13-Dec-10	127.57	133								
14-Dec-10	127.69	133.83								
15-Dec-10	127.04	133.51								
16-Dec-10	127.83	134.52								
17-Dec-10	127.93	134.48								
20-Dec-10	128.26	134.6								
21-Dec-10	129.05	135.02								
22-Dec-10	129.51	135.32								
23-Dec-10	129.31	135.4								
27-Dec-10	129.38	135.12								
28-Dec-10	129.49	135.17								
29-Dec-10	129.64	135.52								
30-Dec-10	129.45	135.37								
31-Dec-10	129.42	135.24								
3-Jan-11	130.89	135.9								
4-Jan-11	130.72	135.23								
5-Jan-11	131.39	135.12								
6-Jan-11	131.17	135.35								
7-Jan-11	130.92	135.82								
10-Jan-11	130.74	135.52								
11-Jan-11	131.23	136.17								
12-Jan-11	132.43	137.33								
13-Jan-11	132.2	137.18								
14-Jan-11	133.18	137.8								
18-Jan-11	133.37	138.63								
19-Jan-11	132.04	138.09								
20-Jan-11	131.86	137.94								
21-Jan-11	132.19	137.91								
24-Jan-11	132.96	138.86								
25-Jan-11	133	138.92								
26-Jan-11	133.56	139.2								
27-Jan-11	133.87	139.46								
28-Jan-11	131.48	136.83								
31-Jan-11	132.49	137.54								
1-Feb-11	134.7	138.83								
2-Feb-11	134.36	137.84								
3-Feb-11	134.7	137.9								
4-Feb-11	135.09	138.7								
7-Feb-11	135.93	139.66								
8-Feb-11	136.54	140.82								
9-Feb-11	136.18	140.63								
10-Feb-11	136.29	140.89								
11-Feb-11	137.06	141.53								
14-Feb-11	137.42	141.47								
15-Feb-11	136.99	141.07								
16-Feb-11	137.87	142.43								
17-Feb-11	138.31	143.27								
18-Feb-11	138.57	143.9								
22-Feb-11	135.73	141.3								
23-Feb-11	134.91	139.97								
24-Feb-11	134.81	140.39								
25-Feb-11	136.26	141.76								
28-Feb-11	137.03	142.27								
1-Mar-11	134.87	140.53								
2-Mar-11	135.11	141.09								
3-Mar-11	137.44	143.52								
4-Mar-11	136.43	142.51								
7-Mar-11	135.3	141.41								
8-Mar-11	136.53	142.58								
9-Mar-11	136.37	143								
10-Mar-11	133.79	141.22								
11-Mar-11	134.78	142.21								
14-Mar-11	133.97	141.09								
15-Mar-11	132.47	139.53								
16-Mar-11	129.89	137.61								
17-Mar-11	131.64	138.69								
18-Mar-11	132.2	139.61								
21-Mar-11	134.19	141.81								
22-Mar-11	133.72	141.57								
23-Mar-11	134.12	141.76								
24-Mar-11	135.37	142.93								
25-Mar-11	135.8	143.19								
28-Mar-11	135.42	142.64								
29-Mar-11	136.41	143.71								
30-Mar-11	137.34	144.22								
31-Mar-11	137.08	143.97								
1-Apr-11	137.77	144.78								
4-Apr-11	137.83	145.14								
5-Apr-11	137.81	149.72								
6-Apr-11	138.17	150.27								
7-Apr-11	137.96	149.8								
8-Apr-11	137.41	149.33								
11-Apr-11	137.03	149.3								
12-Apr-11	135.96	148.65								
13-Apr-11	136	148.41								
14-Apr-11	136.02	148.28								
15-Apr-11	136.55	149.02								
18-Apr-11	135.05	148.06								
19-Apr-11	135.82	148.91								
20-Apr-11	137.66	150.37								
21-Apr-11	138.39	150.77								
25-Apr-11	138.17	150.43								
26-Apr-11	139.41	152.17								
27-Apr-11	140.31	153.47								
28-Apr-11	140.82	154.36								
29-Apr-11	141.14	154.67								
2-May-11	140.9	154.36								
3-May-11	140.42	154.61								
4-May-11	139.48	153.18								
5-May-11	138.22	153								
6-May-11	138.77	153.31								
9-May-11	139.4	154.2								
10-May-11	140.53	155.34								
11-May-11	139.04	154.08								
12-May-11	139.74	155.23								
13-May-11	138.62	154.48								
16-May-11	137.77	154.37								
17-May-11	137.75	154.04								
18-May-11	138.99	154.78								
19-May-11	139.3	155.3								
20-May-11	138.23	154.48								
23-May-11	136.59	153.39								
24-May-11	136.47	153.07								
25-May-11	136.92	153.58								
26-May-11	137.49	154.1								
27-May-11	138.08	154.08								
31-May-11	139.55	154.73								
1-Jun-11	136.38	151.83								
2-Jun-11	136.22	151.46								
3-Jun-11	134.9	150.24								
6-Jun-11	133.45	149.2								
7-Jun-11	133.33	149.68								
8-Jun-11	132.8	148.92								
9-Jun-11	133.78	149.75								
10-Jun-11	131.91	147.92								
13-Jun-11	132.05	148.31								
14-Jun-11	133.72	149.97								
15-Jun-11	131.39	148.22								
16-Jun-11	131.64	148.63								
17-Jun-11	132.05	149.41								
20-Jun-11	132.76	150.27								
21-Jun-11	134.56	151.74								
22-Jun-11	133.69	151.26								
23-Jun-11	133.31	150.72								
24-Jun-11	131.75	148.92								
27-Jun-11	132.96	149.82								
28-Jun-11	134.71	151.98								
29-Jun-11	135.84	152.51								
30-Jun-11	137.22	153.71								
1-Jul-11	139.22	156.17								
5-Jul-11	139.03	155.43								
6-Jul-11	139.22	155.92								
7-Jul-11	140.69	156.86								
8-Jul-11	139.71	155.87								
11-Jul-11	137.18	153.79								
12-Jul-11	136.58	153.51								
13-Jul-11	137.01	153.97								
14-Jul-11	136.1	153.07								
15-Jul-11	136.85	153.55								
18-Jul-11	135.74	152.44								
19-Jul-11	137.96	154.5								
20-Jul-11	137.88	154.13								
21-Jul-11	139.76	155.13								
22-Jul-11	139.89	155.11								
25-Jul-11	139.11	154.26								
26-Jul-11	138.54	153.79								
27-Jul-11	135.73	151.23								
28-Jul-11	135.3	151.35								
29-Jul-11	134.43	150.9								
1-Aug-11	133.87	149.85								
2-Aug-11	130.45	146.76								
3-Aug-11	131.15	147.18								
4-Aug-11	124.89	141.39								
5-Aug-11	124.82	142								
8-Aug-11	116.52	134.78								
9-Aug-11	122.04	140.03								
10-Aug-11	116.71	134.83								
11-Aug-11	122.13	140.36								
12-Aug-11	122.77	141.47								
15-Aug-11	125.46	143.51								
16-Aug-11	124.26	142.8								
17-Aug-11	124.41	142.6								
18-Aug-11	118.87	137.74								
19-Aug-11	117.09	136.65								
22-Aug-11	117.12	136.85								
23-Aug-11	121.13	140.44								
24-Aug-11	122.74	142.19								
25-Aug-11	120.83	139.99								
26-Aug-11	122.68	142.26								
29-Aug-11	126.16	145.47								
30-Aug-11	126.49	146.51								
31-Aug-11	127.13	147.76								
1-Sep-11	125.63	146.16								
2-Sep-11	122.46	143.35								
6-Sep-11	121.55	142.71								
7-Sep-11	125.06	146.54								
8-Sep-11	123.74	145.51								
9-Sep-11	120.44	142.21								
12-Sep-11	121.28	143								
13-Sep-11	122.43	144.52								
14-Sep-11	124.08	146.46								
15-Sep-11	126.24	148.52								
16-Sep-11	126.96	149.31								
19-Sep-11	125.72	148.65								
20-Sep-11	125.51	148.41								
21-Sep-11	121.83	144.52								
22-Sep-11	117.94	140.76								
23-Sep-11	118.68	141.92								
26-Sep-11	121.45	144.7								
27-Sep-11	122.74	146.24								
28-Sep-11	120.24	143.4								
29-Sep-11	121.22	143.31								
30-Sep-11	118.19	140.55								
3-Oct-11	114.83	137.65								18.59%
4-Oct-11	117.43	140.61								
5-Oct-11	119.59	142.54								
6-Oct-11	121.79	144.7								
7-Oct-11	120.8	143.95								
10-Oct-11	124.92	148.15								
11-Oct-11	124.99	148.46								
12-Oct-11	126.24	149.35								
13-Oct-11	125.87	149.27								
14-Oct-11	128.06	150.85								
17-Oct-11	125.58	148.32								
18-Oct-11	128.15	151.04								
19-Oct-11	126.55	149.99								
20-Oct-11	127.12	151.22								
21-Oct-11	129.52	154.59								
24-Oct-11	131.19	156								
25-Oct-11	128.56	153.52								
26-Oct-11	129.91	154.46								
27-Oct-11	134.38	159.17								
28-Oct-11	134.43	159.14								
31-Oct-11	131.11	155.85								
1-Nov-11	127.44	152.89								
2-Nov-11	129.51	154.59								
3-Nov-11	131.97	157.86								
4-Nov-11	131.14	157.51								
7-Nov-11	131.98	158.11								
8-Nov-11	133.6	159.81								
9-Nov-11	128.71	154.66								
10-Nov-11	129.84	156.1								
11-Nov-11	132.37	159.09								
14-Nov-11	131.12	157.92								
15-Nov-11	131.78	158.36								
16-Nov-11	129.63	156.09								
17-Nov-11	127.45	153.8								
18-Nov-11	127.41	153.99								
21-Nov-11	125.04	151.75								
22-Nov-11	124.53	151.16								
23-Nov-11	121.79	148.22								
25-Nov-11	121.48	147.9								
28-Nov-11	125.05	151.5								
29-Nov-11	125.37	152.01								
30-Nov-11	130.82	157.16								
1-Dec-11	130.57	156.87								
2-Dec-11	130.55	156.65								
5-Dec-11	131.9	158.17								
6-Dec-11	132.04	158.45								
7-Dec-11	132.35	157.86								
8-Dec-11	129.55	155.49								
9-Dec-11	131.74	157.83								
12-Dec-11	129.78	156.17								
13-Dec-11	128.68	154.77								
14-Dec-11	127.23	153.32								
15-Dec-11	127.66	153.8								
16-Dec-11	128.07	154.45								
19-Dec-11	126.57	152.92								
20-Dec-11	130.36	157.04								
21-Dec-11	130.62	156.97								
22-Dec-11	131.73	157.51								
23-Dec-11	132.92	159.27								
27-Dec-11	132.94	159.62								
28-Dec-11	131.31	157.77								
29-Dec-11	132.72	159.17								
30-Dec-11	132.16	158.31								
3-Jan-12	134.2	160.13								
4-Jan-12	134.26	160.79								
5-Jan-12	134.65	161.6								
6-Jan-12	134.36	160.97								
9-Jan-12	134.67	161.52								
10-Jan-12	135.87	163.12								
11-Jan-12	135.92	163.28								
12-Jan-12	136.25	163.75								
13-Jan-12	135.57	162.75								
17-Jan-12	136.05	163.51								
18-Jan-12	137.59	165.28								
19-Jan-12	138.27	166.73								
20-Jan-12	138.36	167.15								
23-Jan-12	138.43	167.21								
24-Jan-12	138.29	167.41								
25-Jan-12	139.49	168.61								
26-Jan-12	138.7	167.7								
27-Jan-12	138.49	167.34								
30-Jan-12	138.14	167.22								
31-Jan-12	138.08	166.89								
1-Feb-12	139.34	168.24								
2-Feb-12	139.5	168.33								
3-Feb-12	141.56	171.23								
6-Feb-12	141.5	170.49								
7-Feb-12	141.79	170.78								
8-Feb-12	142.14	170.69								
9-Feb-12	142.36	171.41								
10-Feb-12	141.38	170.47								
13-Feb-12	142.37	171.31								
14-Feb-12	142.26	171.26								
15-Feb-12	141.54	169.53								
16-Feb-12	143.12	171.5								
17-Feb-12	143.46	171.78								
21-Feb-12	143.57	171.38								
22-Feb-12	143.1	171.17								
23-Feb-12	143.74	172.19								
24-Feb-12	143.99	172.06								
27-Feb-12	144.2	172.4								
28-Feb-12	144.71	172.57								
29-Feb-12	144.05	171.96								
1-Mar-12	144.95	172.97								
2-Mar-12	144.48	172.31								
5-Mar-12	143.93	172.28								
6-Mar-12	141.72	169.62								
7-Mar-12	142.74	170.8								
8-Mar-12	144.16	172.37								
9-Mar-12	144.68	173.35								
12-Mar-12	144.71	173.59								
13-Mar-12	147.39	176.24								
14-Mar-12	147.22	175.5								
15-Mar-12	148.1	177.1								
16-Mar-12	148.26	177.09								
19-Mar-12	148.85	177.06								
20-Mar-12	148.41	176.24								
21-Mar-12	148.14	176.46								
22-Mar-12	147.08	175.48								
23-Mar-12	147.53	175.91								
26-Mar-12	149.58	178.42								
27-Mar-12	149.18	178.07								
28-Mar-12	148.48	176.4								
29-Mar-12	148.24	176.59								
30-Mar-12	148.79	177.62								
2-Apr-12	149.92	178.79								
3-Apr-12	149.35	178.15							94	
4-Apr-12	147.83	176.55								
5-Apr-12	147.79	177.27								
9-Apr-12	146.12	175.39								
10-Apr-12	143.62	172.12								
11-Apr-12	144.71	173.94								
12-Apr-12	146.71	176.17								
13-Apr-12	144.88	174.97								
16-Apr-12	144.81	175.45								
17-Apr-12	147.05	177.76								
18-Apr-12	146.46	177.14								
19-Apr-12	145.59	175.37								
20-Apr-12	145.77	176.55								
23-Apr-12	144.55	174.6								
24-Apr-12	145.08	174.65								
25-Apr-12	147.08	176.75								
26-Apr-12	148.07	178.18								
27-Apr-12	148.43	179.37								
30-Apr-12	147.86	178.2								
1-May-12	148.69	178.79								
2-May-12	148.34	179.17								
3-May-12	147.23	178.53								
4-May-12	144.85	176.34								
7-May-12	144.91	176.33								
8-May-12	144.31	175.82								
9-May-12	143.38	175.01								
10-May-12	143.79	175.64								
11-May-12	143.31	175.66								
14-May-12	141.74	173.72								
15-May-12	140.95	173.64								
16-May-12	140.38	173.18								
17-May-12	138.28	170.05								
18-May-12	137.26	168.7								
21-May-12	139.46	171.54								
22-May-12	139.53	172.39								
23-May-12	139.77	173.01								
24-May-12	139.99	173.49								
25-May-12	139.68	173.35								
29-May-12	141.25	175.1								
30-May-12	139.27	173.03								
31-May-12	138.97	173.08								
1-Jun-12	135.55	168.39								
4-Jun-12	135.57	168.56								
5-Jun-12	136.35	168.72								
6-Jun-12	139.53	172.26								
7-Jun-12	139.52	172.36								
8-Jun-12	140.66	173.48								
11-Jun-12	138.89	171.2								
12-Jun-12	140.51	173.32								
13-Jun-12	139.57	171.92								
14-Jun-12	141.09	174.04								
15-Jun-12	142.55	175.49								
18-Jun-12	142.75	176.1								
19-Jun-12	144.16	177.64								
20-Jun-12	143.92	177.03								
21-Jun-12	140.74	173.64								
22-Jun-12	141.75	174.5								
25-Jun-12	139.5	172.3								
26-Jun-12	140.17	172.7								
27-Jun-12	141.46	173.22								
28-Jun-12	141.17	172.46								
29-Jun-12	144.7	176.28								
2-Jul-12	145.06	176.83								
3-Jul-12	146	177.9								
5-Jul-12	145.32	178.23								
6-Jul-12	143.99	176.78								
9-Jul-12	143.76	176.16								
10-Jul-12	142.59	174.42								
11-Jul-12	142.61	173.37								
12-Jul-12	141.9	173.4								
13-Jul-12	144.24	176.42								
16-Jul-12	143.91	175.54								
17-Jul-12	144.98	176.52								
18-Jul-12	145.97	178.63								
19-Jul-12	146.38	178.99								
20-Jul-12	144.91	177								
23-Jul-12	143.62	175.51								
24-Jul-12	142.32	174.48								
25-Jul-12	142.28	174.02								
26-Jul-12	144.64	176.14								
27-Jul-12	147.41	179								
30-Jul-12	147.34	178.96								
31-Jul-12	146.71	178.39								
1-Aug-12	146.28	177.22								
2-Aug-12	145.22	177.13								
3-Aug-12	148	179.99								
6-Aug-12	148.35	180.23								
7-Aug-12	149.11	181.01								
8-Aug-12	149.25	180.91								
9-Aug-12	149.37	180.21								
10-Aug-12	149.71	180.62								
13-Aug-12	149.55	180.63								
14-Aug-12	149.55	180.23								
15-Aug-12	149.78	180.55								
16-Aug-12	150.85	181.44								
17-Aug-12	151.14	182.48								
20-Aug-12	151.14	182.22								
21-Aug-12	150.61	181.83								
22-Aug-12	150.65	181.64								
23-Aug-12	149.44	180.37								
24-Aug-12	150.43	181.28								
27-Aug-12	150.35	180.63								
28-Aug-12	150.24	180.21								
29-Aug-12	150.4	180.78								
30-Aug-12	149.25	179.57								
31-Aug-12	150.01	180.64								
4-Sep-12	149.84	180.58								
5-Sep-12	149.72	179.59								
6-Sep-12	152.8	182.88								
7-Sep-12	153.42	183.41								
10-Sep-12	152.49	183.03								
11-Sep-12	152.97	183.84								
12-Sep-12	153.33	184.33								
13-Sep-12	155.85	186.11								
14-Sep-12	156.47	186.62								
17-Sep-12	155.99	186								72
18-Sep-12	155.79	185.54								
19-Sep-12	155.98	185.45								
20-Sep-12	155.92	184.53								
21-Sep-12	155.91	183.9								
24-Sep-12	155.56	183.93								
25-Sep-12	153.94	182.1								
26-Sep-12	153.09	181.78								
27-Sep-12	154.58	183.28								
28-Sep-12	153.89	182.69								
1-Oct-12	154.3	183.4								
2-Oct-12	154.45	183.13								
3-Oct-12	155.04	184.09								
4-Oct-12	156.15	185.28								
5-Oct-12	156.16	185.72								
8-Oct-12	155.62	185.58								
9-Oct-12	154.08	183.8								
10-Oct-12	153.14	183.63								
11-Oct-12	153.2	183.41								
12-Oct-12	152.74	183.44								
15-Oct-12	153.98	185.09								
16-Oct-12	155.56	186.52								
17-Oct-12	156.22	186.13								
18-Oct-12	155.85	185.94								
19-Oct-12	153.27	183.12								
22-Oct-12	153.34	183.05								
23-Oct-12	151.12	181.99								
24-Oct-12	150.66	180.7								
25-Oct-12	151.11	181.28								
26-Oct-12	151	181.03								
31-Oct-12	151.04	179.6								
1-Nov-12	152.71	182.14								
2-Nov-12	151.28	180.88								
5-Nov-12	151.62	181.34								
6-Nov-12	152.82	182.58								
7-Nov-12	149.33	179.93								
8-Nov-12	147.51	178.46								
9-Nov-12	147.76	178.76								
12-Nov-12	147.78	178.98								
13-Nov-12	147.24	179.02								
14-Nov-12	145.26	176.89								
15-Nov-12	145.03	176.46								
16-Nov-12	145.75	177								
19-Nov-12	148.65	179.94								
20-Nov-12	148.77	179.49								
21-Nov-12	149.11	179.91								
23-Nov-12	151.08	181.98								
26-Nov-12	150.78	181.37								
27-Nov-12	150	180.88								
28-Nov-12	151.23	182.43								
29-Nov-12	151.9	182.8								
30-Nov-12	151.92	181.75								
3-Dec-12	151.2	180.54								
4-Dec-12	150.95	180.27								
5-Dec-12	151.23	181.16								
6-Dec-12	151.77	181.46								
7-Dec-12	152.23	182.24								
10-Dec-12	152.29	182.34								
11-Dec-12	153.28	182.76								
12-Dec-12	153.39	182.5								
13-Dec-12	152.46	182.02								
14-Dec-12	151.83	181.8								
17-Dec-12	153.64	183.76								
18-Dec-12	155.4	185.76								
19-Dec-12	154.23	184.87								
20-Dec-12	155.11	184.96								
21-Dec-12	153.67	183.57								
24-Dec-12	153.31	183.45								
26-Dec-12	152.58	182.22								
27-Dec-12	152.42	182.61								
28-Dec-12	150.75	181.07								
31-Dec-12	153.31	184.16								
2-Jan-13	157.23	187.59								
3-Jan-13	156.9	188.58								
4-Jan-13	157.66	189.42								
7-Jan-13	157.17	188.27								
8-Jan-13	156.72	187.18								
9-Jan-13	157.14	188.09								
10-Jan-13	158.33	189.4								
11-Jan-13	158.34	189.04								
14-Jan-13	158.19	189.17								
15-Jan-13	158.37	189.96								
16-Jan-13	158.42	189.6								
17-Jan-13	159.32	191.24								
18-Jan-13	159.86	191.72								
22-Jan-13	160.58	192.88								
23-Jan-13	160.82	193.88								
24-Jan-13	160.83	194.81								
25-Jan-13	161.7	195.34								
28-Jan-13	161.41	195.1								
29-Jan-13	162.24	195.47								
30-Jan-13	161.65	194.79								
31-Jan-13	161.25	194.78								
1-Feb-13	162.87	196.01								
4-Feb-13	160.99	194.42								
5-Feb-13	162.69	196.1								
6-Feb-13	162.8	196.12								
7-Feb-13	162.57	195.87								
8-Feb-13	163.49	196.99								
11-Feb-13	163.4	196.91								
12-Feb-13	163.67	197.57								
13-Feb-13	163.84	197.27								
14-Feb-13	163.98	197.43								
15-Feb-13	163.82	198.06								
19-Feb-13	165.05	199.26								
20-Feb-13	163.01	196.67								
21-Feb-13	162.02	195.35								
22-Feb-13	163.46	196.43								
25-Feb-13	160.47	193.16								
26-Feb-13	161.47	194.69								
27-Feb-13	163.57	197.81								
28-Feb-13	163.43	198.07								
1-Mar-13	163.82	198.81								
4-Mar-13	164.57	199.94								
5-Mar-13	166.15	201.99								
6-Mar-13	166.38	201.62								
7-Mar-13	166.7	200.83								
8-Mar-13	167.46	202.42								
11-Mar-13	168.02	203.06								
12-Mar-13	167.62	202.38								
13-Mar-13	167.9	202.92								
14-Mar-13	168.84	203.93								
15-Mar-13	168.57	203.86								
18-Mar-13	167.64	202.74								
19-Mar-13	167.24	201.96								
20-Mar-13	168.36	203.41								
21-Mar-13	166.97	202.15								
22-Mar-13	168.17	203.43								
25-Mar-13	167.61	202.37								
26-Mar-13	168.97	203.41								
27-Mar-13	168.88	203.73								
28-Mar-13	169.56	205.07								
1-Apr-13	168.82	203.03								
2-Apr-13	169.69	203.45								
3-Apr-13	167.93	202.21								
4-Apr-13	168.62	203.51								
5-Apr-13	167.9	202.61								
8-Apr-13	169.01	204.12								
9-Apr-13	169.61	204.5								
10-Apr-13	171.69	206.55								
11-Apr-13	172.32	207.97								
12-Apr-13	171.83	207.78								
15-Apr-13	167.89	202.87								
16-Apr-13	170.29	206.26								
17-Apr-13	167.85	204.07								
18-Apr-13	166.73	202.86								
19-Apr-13	168.21	204.19								
22-Apr-13	169	204.81								
23-Apr-13	170.76	205.99								
24-Apr-13	170.78	206.9								
25-Apr-13	171.48	208.55								
26-Apr-13	171.17	208.14								
29-Apr-13	172.4	209.77								
30-Apr-13	172.83	210.23								
1-May-13	171.23	209.19								
2-May-13	172.86	210.57								
3-May-13	174.7	213.34								
6-May-13	175.03	213.28								
7-May-13	175.96	215.35								
8-May-13	176.76	215.85								
9-May-13	176.19	215.12								
10-May-13	176.95	216.22								
13-May-13	176.98	215.88								
14-May-13	178.81	218.38								
15-May-13	179.78	219.23								
16-May-13	178.89	217.52								
17-May-13	180.74	220.03								
20-May-13	180.61	219.98								
21-May-13	180.93	220.95								
22-May-13	179.45	218.5								
23-May-13	178.95	217.49								
24-May-13	178.86	217.57								
28-May-13	179.99	218.47								
29-May-13	178.75	217.03								
30-May-13	179.44	217.04								
31-May-13	176.87	215.64								
3-Jun-13	177.94	216.62								
4-Jun-13	176.97	215.81								
5-Jun-13	174.57	212.65								
6-Jun-13	176.08	214.69								
7-Jun-13	178.34	217.29								
10-Jun-13	178.29	216.61								
11-Jun-13	176.48	215.17								
12-Jun-13	175.05	213.63								
13-Jun-13	177.66	216.87								
14-Jun-13	176.62	216.02								
17-Jun-13	177.95	216.87								
18-Jun-13	179.34	218.9								
19-Jun-13	176.86	216.27								
20-Jun-13	172.46	211.72								
21-Jun-13	172.93	211.6								
24-Jun-13	170.83	209.18								
25-Jun-13	172.46	211.39								
26-Jun-13	174.15	213.04								
27-Jun-13	175.25	214.48								
28-Jun-13	174.5	213.65								
1-Jul-13	175.46	214.88								
2-Jul-13	175.41	214.33								
3-Jul-13	175.55	214.65								
5-Jul-13	177.34	216.61								
8-Jul-13	178.33	217.96								
9-Jul-13	179.62	220.18								
10-Jul-13	179.66	220.47								
11-Jul-13	182.11	222.67								
12-Jul-13	182.68	222.93								
15-Jul-13	182.93	223.44								
16-Jul-13	182.25	222.76								
17-Jul-13	182.77	222.9								
18-Jul-13	183.71	224.3								
19-Jul-13	184.02	224.31								
22-Jul-13	184.39	224.54								
23-Jul-13	184.05	223.95								
24-Jul-13	183.35	223.09								
25-Jul-13	183.82	223.09								
26-Jul-13	183.98	223.39								
29-Jul-13	183.3	222.77								
30-Jul-13	183.38	223.68								
31-Jul-13	183.38	224.39								
1-Aug-13	185.7	228.21								
2-Aug-13	186	228.43								
5-Aug-13	185.75	227.87								
6-Aug-13	184.69	226.34								
7-Aug-13	184.05	224.58								
8-Aug-13	184.8	225.75								
9-Aug-13	184.18	225.45								
12-Aug-13	183.97	225.7								
13-Aug-13	184.52	226.42								
14-Aug-13	183.6	224.32								
15-Aug-13	181.01	221.74								
16-Aug-13	180.42	221.24								
19-Aug-13	179.37	220.19								
20-Aug-13	180.06	221.63								
21-Aug-13	179.03	219.95								
22-Aug-13	180.58	222.15								
23-Aug-13	181.32	222.51								
26-Aug-13	180.59	221.62								
27-Aug-13	177.72	217.97								
28-Aug-13	178.24	218.47								
29-Aug-13	178.62	218.98								
30-Aug-13	178.07	218.21								
3-Sep-13	178.82	219.77								
4-Sep-13	180.31	221.52								
5-Sep-13	180.53	221.98								
6-Sep-13	180.57	221.34								
9-Sep-13	182.38	223.27								
10-Sep-13	183.72	224.83								
11-Sep-13	184.31	226.1								
12-Sep-13	183.74	225.42								
13-Sep-13	184.24	226.23								
16-Sep-13	185.29	228.08								
17-Sep-13	186.07	228.53								
18-Sep-13	188.34	231.2								
19-Sep-13	188.02	230.84								
20-Sep-13	186.67	228.77								
23-Sep-13	185.79	228.24								
24-Sep-13	185.32	227.94								
25-Sep-13	184.82	227.31								
26-Sep-13	185.5	228.47								
27-Sep-13	184.76	227.61								
30-Sep-13	183.65	226.66								
1-Oct-13	185.13	228.17								
2-Oct-13	185.04	227.86								
3-Oct-13	183.38	226.07								
4-Oct-13	184.68	227.53								
7-Oct-13	183.11	225.02								
8-Oct-13	180.91	223.06								
9-Oct-13	181.03	222.59								
10-Oct-13	185.01	226.5								
11-Oct-13	186.18	227.29								
14-Oct-13	186.94	228.29								
15-Oct-13	185.62	226.42								
16-Oct-13	188.2	228.52								
17-Oct-13	189.48	229.26								
18-Oct-13	190.73	231								
21-Oct-13	190.75	231.36								
22-Oct-13	191.84	233.41								
23-Oct-13	190.94	232.34								
24-Oct-13	191.56	233.57								
25-Oct-13	192.4	233.84								
28-Oct-13	192.66	233.94								
29-Oct-13	193.75	234.79								
30-Oct-13	192.82	232.47								
31-Oct-13	192.09	232.6								
1-Nov-13	192.65	233.65								
4-Nov-13	193.34	234.21								
5-Nov-13	192.82	234.18								
6-Nov-13	193.75	235.69								
7-Nov-13	191.24	232.3								
8-Nov-13	193.81	234.76								
11-Nov-13	193.95	235.44								
12-Nov-13	193.5	235.01								
13-Nov-13	195.13	237.96								
14-Nov-13	196.11	239.12								
15-Nov-13	196.94	239.12								
18-Nov-13	196.22	237.4								
19-Nov-13	195.85	236.65								
20-Nov-13	195.15	236.26								
21-Nov-13	196.75	237.76								
22-Nov-13	197.75	238.39								
25-Nov-13	197.51	238.21								
26-Nov-13	197.56	239.17								
27-Nov-13	198.1	239.16								
29-Nov-13	197.95	238.96								
2-Dec-13	197.42	238.1								
3-Dec-13	196.8	237.12								
4-Dec-13	196.59	235.98								
5-Dec-13	195.75	235.33								
6-Dec-13	197.96	237.83								
9-Dec-13	198.33	237.64								
10-Dec-13	197.7	237.22								
11-Dec-13	195.49	235.73								
12-Dec-13	194.8	235.69								
13-Dec-13	194.79	235.68								
16-Dec-13	196.02	237.5								
17-Dec-13	195.41	236.18								
18-Dec-13	198.67	240.2								
19-Dec-13	198.59	240.13								
20-Dec-13	199.54	240.82								
23-Dec-13	200.63	241.84								
24-Dec-13	201.24	242.78								
26-Dec-13	202.2	243.9								
27-Dec-13	202.17	243.65								
30-Dec-13	202.14	244.57								
31-Dec-13	202.96	245.12								
2-Jan-14	201.19	243.32								
3-Jan-14	201.13	243.21								
6-Jan-14	200.63	241.9								
7-Jan-14	201.85	242.9								
8-Jan-14	201.87	242.16								
9-Jan-14	201.93	243.05								
10-Jan-14	202.4	243.96								
13-Jan-14	199.88	239.38								
14-Jan-14	202.04	240.87								
15-Jan-14	203.09	241.26								
16-Jan-14	202.82	240.69								25
17-Jan-14	202.04	239.91								
21-Jan-14	202.6	239.04								
22-Jan-14	202.74	239.55								
23-Jan-14	200.94	237.6								
24-Jan-14	196.75	232.78								
27-Jan-14	195.8	232.09								
28-Jan-14	197	233.68								
29-Jan-14	195.01	231.64								
30-Jan-14	197.22	234.37								
31-Jan-14	195.94	232.79								
3-Feb-14	191.47	227.59								
4-Feb-14	192.94	229.24								
5-Feb-14	192.61	229.26								
6-Feb-14	195.1	233.54								
7-Feb-14	197.7	236.08								
10-Feb-14	198.01	236.04								
11-Feb-14	200.21	238.3								
12-Feb-14	200.26	239.1								
13-Feb-14	201.44	240.46								
14-Feb-14	202.43	241.69								
18-Feb-14	202.69	242.07								
19-Feb-14	201.38	240.94								
20-Feb-14	202.63	242.01								
21-Feb-14	202.27	242.58								
24-Feb-14	203.52	244.63								
25-Feb-14	203.25	245.15								
26-Feb-14	203.3	246.24								
27-Feb-14	204.33	247.04								
28-Feb-14	204.9	248.52								
3-Mar-14	203.4	246.57								
4-Mar-14	206.51	249.76								
5-Mar-14	206.54	249.27								
6-Mar-14	206.93	250.08								
7-Mar-14	207.06	250.72								
10-Mar-14	206.98	250.22								
11-Mar-14	205.93	249.19								
12-Mar-14	206.05	249.08								
13-Mar-14	203.66	246.53								
14-Mar-14	203.09	246.33								
17-Mar-14	205.05	249.22								
18-Mar-14	206.53	250.13								
19-Mar-14	205.27	247.98								
20-Mar-14	206.51	248.62								
21-Mar-14	205.9	247.84								
24-Mar-14	204.9	246.44								
25-Mar-14	205.83	246.2								
26-Mar-14	204.39	244.22								
27-Mar-14	204.04	244.25								
28-Mar-14	204.99	246.1								
31-Mar-14	206.63	247.82								
1-Apr-14	208.1	249.86								
2-Apr-14	208.73	250.58								
3-Apr-14	208.49	250.46								
4-Apr-14	205.89	247.69								
7-Apr-14	203.67	243.53								
8-Apr-14	204.5	245.06								
9-Apr-14	206.75	247.49								
10-Apr-14	202.44	242.82								
11-Apr-14	200.54	240.42								
14-Apr-14	202.19	242.11								
15-Apr-14	203.55	243.2								
16-Apr-14	205.69	246								
17-Apr-14	205.98	245.89								
21-Apr-14	206.76	246.57								
22-Apr-14	207.61	247.19								
23-Apr-14	207.18	247.67								
24-Apr-14	207.54	247.26								
25-Apr-14	205.86	244.79								
28-Apr-14	206.54	244.31								
29-Apr-14	207.52	245.65								
30-Apr-14	208.15	246.31								
1-May-14	208.14	246.33								
2-May-14	207.86	246.83								
5-May-14	208.26	247.44								
6-May-14	206.39	245.41								
7-May-14	207.64	246.42								
8-May-14	207.41	247.13								
9-May-14	207.76	246.87								
12-May-14	209.78	248.98								
13-May-14	209.92	248.67								
14-May-14	208.97	247.45								
15-May-14	207.06	245.57								
16-May-14	207.83	247.34								
19-May-14	208.65	248.26								
20-May-14	207.3	244.96								
21-May-14	209.01	247.78								
22-May-14	209.53	248.2								
23-May-14	210.43	250.02								
27-May-14	211.69	250.7								
28-May-14	211.48	251.47								
29-May-14	212.65	252.52								
30-May-14	213.04	253.44								
2-Jun-14	213.21	254.05								
3-Jun-14	213.14	253.84								
4-Jun-14	213.59	254.77								
5-Jun-14	214.99	255.79								
6-Jun-14	216.02	257.67								
9-Jun-14	216.23	257.89								
10-Jun-14	216.18	257.51								
11-Jun-14	215.44	256.27								
12-Jun-14	213.98	253.29								
13-Jun-14	214.65	254.05								
16-Jun-14	214.83	254.13								
17-Jun-14	215.3	254.56								
18-Jun-14	216.97	256.43								
19-Jun-14	217.27	257.11								
20-Jun-14	217.65	257.56								
23-Jun-14	217.62	257.19								
24-Jun-14	216.24	254.71								
25-Jun-14	217.31	256.34								
26-Jun-14	217.09	256.09								
27-Jun-14	217.51	256.62								
30-Jun-14	217.44	257.07								
1-Jul-14	218.93	258.66								
2-Jul-14	219.09	258.7								
3-Jul-14	220.29	260.29								
7-Jul-14	219.43	258.62								
8-Jul-14	217.95	257.55								
9-Jul-14	218.98	259.11								
10-Jul-14	218.07	257.03								
11-Jul-14	218.41	256.83								
14-Jul-14	219.47	257.5								
15-Jul-14	219.05	257.25								
16-Jul-14	220	258.03								
17-Jul-14	217.41	255.69								
18-Jul-14	219.65	257.52								
21-Jul-14	219.14	256.31								
22-Jul-14	220.24	258.43								
23-Jul-14	220.63	258.99								
24-Jul-14	220.74	259.33								
25-Jul-14	219.68	258.51								
28-Jul-14	219.74	257.87								
29-Jul-14	218.76	256.17								
30-Jul-14	218.8	256.96								
31-Jul-14	214.44	253.02								
1-Aug-14	213.83	253.29								
4-Aug-14	215.37	255.7								
5-Aug-14	213.3	253.58								
6-Aug-14	213.37	253.66								
7-Aug-14	212.24	251.63								
8-Aug-14	214.69	255.44								
11-Aug-14	215.32	256.74								
12-Aug-14	214.98	256.32								
13-Aug-14	216.48	257.24								
14-Aug-14	217.43	258.37								
15-Aug-14	217.44	258.05								
18-Aug-14	219.31	260.85								
19-Aug-14	220.45	262.76								
20-Aug-14	221.01	264.18								
21-Aug-14	221.67	264.38								
22-Aug-14	221.26	265.01								
25-Aug-14	222.32	266.07								
26-Aug-14	222.55	266.24								
27-Aug-14	222.61	265.99								
28-Aug-14	222.26	265.38								
29-Aug-14	223.02	265.85								
2-Sep-14	222.91	266.31								
3-Sep-14	222.78	266.46								
4-Sep-14	222.44	267.16								
5-Sep-14	223.57	268.75								
8-Sep-14	222.92	267.67								
9-Sep-14	221.46	265.97								
10-Sep-14	222.29	266.46								
11-Sep-14	222.55	266.74								
12-Sep-14	221.23	265.53								
15-Sep-14	221.07	265.41								
16-Sep-14	222.73	267.26								
17-Sep-14	223.02	267.14								
18-Sep-14	224.15	268.21								
19-Sep-14	224.04	267.23								30
22-Sep-14	222.25	264.35								
23-Sep-14	220.99	262.92								
24-Sep-14	222.72	265.29								
25-Sep-14	219.12	261.81								
26-Sep-14	221.04	265.43								
29-Sep-14	220.5	264.71								
30-Sep-14	219.89	263.46								
1-Oct-14	217	260.19								
2-Oct-14	217.02	260.72								
3-Oct-14	219.45	264.26								
6-Oct-14	219.11	263.47								
7-Oct-14	215.79	258.91								
8-Oct-14	219.64	262.95								
9-Oct-14	215.11	257.37								
10-Oct-14	212.67	254.38								
13-Oct-14	209.17	249.6								
14-Oct-14	209.5	252.28								
15-Oct-14	207.82	250.05								
16-Oct-14	207.86	251.57								
17-Oct-14	210.54	255.16								
20-Oct-14	212.46	257.66								
21-Oct-14	216.63	263.56								
22-Oct-14	215.07	260.36								
23-Oct-14	217.72	263.48								
24-Oct-14	219.26	265.29								
27-Oct-14	218.93	265.27								
28-Oct-14	221.54	268.51								
29-Oct-14	221.26	267.6								
30-Oct-14	222.65	269.8								
31-Oct-14	225.26	272.37								
3-Nov-14	225.24	272.38								
4-Nov-14	224.6	270.73								
5-Nov-14	225.96	273.07								
6-Nov-14	226.88	275.62								
7-Nov-14	227.01	275.35								
10-Nov-14	227.73	276.33								
11-Nov-14	227.89	276.81								
12-Nov-14	227.79	277.71								
13-Nov-14	227.93	277.41								
14-Nov-14	228.01	277.26								
17-Nov-14	228.19	276.83								
18-Nov-14	229.41	278.25								
19-Nov-14	229.08	278.12								
20-Nov-14	229.54	279.17								
21-Nov-14	230.78	281.42								
24-Nov-14	231.44	283.23								
25-Nov-14	231.2	283.29								
26-Nov-14	231.9	283.71								
28-Nov-14	231.32	283.58								
1-Dec-14	229.75	280.5								
2-Dec-14	231.23	282.49								
3-Dec-14	232.16	285.25								
4-Dec-14	231.9	284.38								
5-Dec-14	232.29	284.8								
8-Dec-14	230.63	282.71								
9-Dec-14	230.09	282.57								
10-Dec-14	226.83	279.01								
11-Dec-14	227.92	280.93								
12-Dec-14	224.23	277.22								
15-Dec-14	222.81	277.15								
16-Dec-14	220.92	274.74								
17-Dec-14	225.43	279.9								
18-Dec-14	230.88	285.26								
19-Dec-14	231.94	285.34								
22-Dec-14	232.85	287.54								
23-Dec-14	233.27	288.78								
24-Dec-14	233.25	289.15								
26-Dec-14	234.02	289.38								
29-Dec-14	234.26	289.96								
30-Dec-14	233.14	289.26								
31-Dec-14	230.74	287.2								
2-Jan-15	230.69	286.57								
5-Jan-15	226.49	282.1								
6-Jan-15	224.48	279.74								
7-Jan-15	227.16	283.33								
8-Jan-15	231.23	288.65								
9-Jan-15	229.29	285.74								
12-Jan-15	227.43	284.57								
13-Jan-15	226.87	284.49								
14-Jan-15	225.55	282.05								
15-Jan-15	223.47	279.52								
16-Jan-15	226.48	283.3								
20-Jan-15	226.83	283.33								
21-Jan-15	227.94	285.2								
22-Jan-15	231.42	291.23								
23-Jan-15	230.15	290.54								
26-Jan-15	230.74	291.43								
27-Jan-15	227.65	289.26								
28-Jan-15	224.6	286.99								
29-Jan-15	226.76	290.36								
30-Jan-15	223.81	285.26								
2-Feb-15	226.72	286.78								
3-Feb-15	230	290.96								
4-Feb-15	229.11	291.35								
5-Feb-15	231.52	292.38								
6-Feb-15	230.79	293.17								
9-Feb-15	229.82	292.16								
10-Feb-15	232.28	295								
11-Feb-15	232.35	295.35								
12-Feb-15	234.65	298.47								
13-Feb-15	235.63	298.7								
17-Feb-15	236.04	298.65								
18-Feb-15	235.98	299.09								
19-Feb-15	235.77	299.01								
20-Feb-15	237.24	301.99								
23-Feb-15	237.17	302.16								
24-Feb-15	237.83	302.11								
25-Feb-15	237.69	302.52								
26-Feb-15	237.38	301.1								
27-Feb-15	236.68	300.87								
2-Mar-15	238.14	303.54								
3-Mar-15	237.06	302.54								
4-Mar-15	236.07	301.34								
5-Mar-15	236.36	302.82								
6-Mar-15	233.04	299.91								
9-Mar-15	233.98	301.6								
10-Mar-15	230.03	297.39								
11-Mar-15	229.62	297.3								
12-Mar-15	232.58	302.16								
13-Mar-15	231.17	300.57								
16-Mar-15	234.3	304.53								
17-Mar-15	233.52	304.37								
18-Mar-15	236.37	306.1								
19-Mar-15	235.22	305.54								
20-Mar-15	237.34	307.44								
23-Mar-15	236.93	305.44								
24-Mar-15	235.49	304.51								
25-Mar-15	232.07	299.92								
26-Mar-15	231.52	298.76								
27-Mar-15	232.11	299.71								
30-Mar-15	234.98	303.62								
31-Mar-15	232.93	301.33								
1-Apr-15	232.04	299.92								
2-Apr-15	232.86	301.37								
6-Apr-15	234.4	301.4								
7-Apr-15	233.93	300.58								
8-Apr-15	234.64	303.1								
9-Apr-15	235.69	302.71								
10-Apr-15	236.91	303.23								
13-Apr-15	235.85	302.78								
14-Apr-15	236.24	302.82								
15-Apr-15	237.45	302.39								
16-Apr-15	237.27	302.41								
17-Apr-15	234.59	298.41								
20-Apr-15	236.76	301.55								
21-Apr-15	236.42	302.27								
22-Apr-15	237.63	302.55								
23-Apr-15	238.21	303.8								
24-Apr-15	238.75	303.07								
27-Apr-15	237.76	301								
28-Apr-15	238.44	301.09								
29-Apr-15	237.56	298.52								
30-Apr-15	235.17	295.71								
1-May-15	237.74	299.93								
4-May-15	238.44	300.76								
5-May-15	235.64	298.04								
6-May-15	234.67	297.88								
7-May-15	235.62	299.58								
8-May-15	238.79	303.2								
11-May-15	237.63	302.41								
12-May-15	236.94	301.37								
13-May-15	236.92	300.15								
14-May-15	239.5	303.04								
15-May-15	239.71	304.03								
18-May-15	240.46	305.85								
19-May-15	240.35	306.36								
20-May-15	240.15	304.71								
21-May-15	240.75	305.06								
22-May-15	240.21	303.91								
26-May-15	237.75	300.49								
27-May-15	239.96	303.07								
28-May-15	239.7	302.57								
29-May-15	238.19	300.52								
1-Jun-15	238.71	301.3								
2-Jun-15	238.48	301.12								
3-Jun-15	239.03	302.59								
4-Jun-15	236.97	299.55								
5-Jun-15	236.64	299.48								
8-Jun-15	235.15	297.65								
9-Jun-15	235.25	297.02								
10-Jun-15	238.1	300.08								
11-Jun-15	238.58	301.71								
12-Jun-15	236.93	300.63								
15-Jun-15	235.84	299.56								
16-Jun-15	237.19	300.91								
17-Jun-15	237.66	301.43								
18-Jun-15	240.04	304.67								
19-Jun-15	238.77	303.79								
22-Jun-15	240.23	305.41								
23-Jun-15	240.4	305.83								
24-Jun-15	238.64	303.32								
25-Jun-15	237.94	302.83								
26-Jun-15	237.89	303.68								
29-Jun-15	232.95	297.97								
30-Jun-15	233.58	298.87								
1-Jul-15	235.26	301.07								
2-Jul-15	235.19	300.32								
6-Jul-15	234.29	300.11								
7-Jul-15	235.71	301.99								
8-Jul-15	231.86	297.42								
9-Jul-15	232.38	298.98								
10-Jul-15	235.25	302.93								
13-Jul-15	237.87	306.2								
14-Jul-15	238.93	306.91								
15-Jul-15	238.76	306.62								
16-Jul-15	240.68	308.33								
17-Jul-15	240.95	307.43								
20-Jul-15	241.14	307.91								
21-Jul-15	240.12	307.08								
22-Jul-15	239.57	308.81								
23-Jul-15	238.23	307.14								
24-Jul-15	235.68	305.33								
27-Jul-15	234.32	302.99								
28-Jul-15	237.22	305.52								
29-Jul-15	238.99	308.6								
30-Jul-15	239.02	308.68								
31-Jul-15	238.48	308.45								
3-Aug-15	237.82	308.22								
4-Aug-15	237.29	308.73								
5-Aug-15	238.12	309.73								
6-Aug-15	236.34	306.42								
7-Aug-15	235.67	306.05								
10-Aug-15	238.69	309.25								
11-Aug-15	236.46	307.01								
12-Aug-15	236.73	306.26								
13-Aug-15	236.47	307.17								
14-Aug-15	237.4	308.25								
17-Aug-15	238.68	310.61								
18-Aug-15	238.1	312.04								
19-Aug-15	236.15	309.91								
20-Aug-15	231.16	303.64								
21-Aug-15	223.84	294.07								
24-Aug-15	215.02	284.39								
25-Aug-15	212.12	281.93								
26-Aug-15	220.41	290.56								
27-Aug-15	225.79	296.27								
28-Aug-15	225.96	295.35								
31-Aug-15	224.09	292.52								
1-Sep-15	217.47	285.67								
2-Sep-15	221.49	290.9								
3-Sep-15	221.76	291.58								
4-Sep-15	218.37	288.35								
8-Sep-15	223.88	294.72								
9-Sep-15	220.78	291.84								
10-Sep-15	221.97	293.01								
11-Sep-15	223.03	295.2								
14-Sep-15	222.14	293.82								
15-Sep-15	224.99	296.87								
16-Sep-15	226.96	298.99								
17-Sep-15	226.41	298.73								
18-Sep-15	222.75	294.28								
21-Sep-15	223.77	295.78								
22-Sep-15	221.02	292.28								
23-Sep-15	220.58	292.19								
24-Sep-15	219.84	290.57								
25-Sep-15	219.74	291.12								
28-Sep-15	214.16	283.99								
29-Sep-15	214.44	284.97								
30-Sep-15	218.54	289.27								
1-Oct-15	218.99	290.01								
2-Oct-15	222.15	293.1								
5-Oct-15	226.22	297.51								
6-Oct-15	225.41	294.54								
7-Oct-15	227.31	297.37								
8-Oct-15	229.31	299.81								
9-Oct-15	229.49	300.98								
12-Oct-15	229.78	302.67								
13-Oct-15	228.23	300.73								
14-Oct-15	227.17	297.7								
15-Oct-15	230.56	301.27								
16-Oct-15	231.61	302.48								
19-Oct-15	231.68	303.69								
20-Oct-15	231.35	304.05								
21-Oct-15	230.03	302.13								
22-Oct-15	233.87	307.84								
23-Oct-15	236.45	309.18								
26-Oct-15	236	309.8								
27-Oct-15	235.39	308.8								
28-Oct-15	238.2	311.03								
29-Oct-15	238.12	311.29								
30-Oct-15	236.98	309.33								
2-Nov-15	239.79	311.42								
3-Nov-15	240.45	312.49								
4-Nov-15	239.68	311.37								
5-Nov-15	239.46	312.13								
6-Nov-15	239.4	311.92								
9-Nov-15	237.1	309.23								
10-Nov-15	237.52	310.19								
11-Nov-15	236.76	308.88								
12-Nov-15	233.49	305.52								
13-Nov-15	230.87	300.63								
16-Nov-15	234.35	304.76								
17-Nov-15	234.09	306.65								
18-Nov-15	237.89	310.88								
19-Nov-15	237.63	309.67								
20-Nov-15	238.58	312.89								
23-Nov-15	238.29	313.26								
24-Nov-15	238.59	312.87								
25-Nov-15	238.58	314.2								
27-Nov-15	238.78	314.55								
30-Nov-15	237.68	312.61								
1-Dec-15	240.24	315.47								
2-Dec-15	237.65	314.09								
3-Dec-15	234.25	309.59								
4-Dec-15	239.06	316.35								
7-Dec-15	237.4	315.46								
8-Dec-15	235.88	312.9								
9-Dec-15	234.07	310.33								
10-Dec-15	234.63	311.7								
11-Dec-15	230.11	306.76								
14-Dec-15	231.22	308.67								
15-Dec-15	233.67	310.75								
16-Dec-15	237.09	314.53								
17-Dec-15	233.56	310.26								
18-Dec-15	229.4	305.17								
21-Dec-15	231.21	307.42								
22-Dec-15	233.27	309.99								
23-Dec-15	236.19	311.79								
24-Dec-15	235.81	311.84								
28-Dec-15	235.3	311.79								
29-Dec-15	237.85	314.69								
30-Dec-15	236.16	312.68								
31-Dec-15	233.93	309.87								
4-Jan-16	230.41	305.36								
5-Jan-16	230.87	306.4								
6-Jan-16	227.92	303.09								
7-Jan-16	222.53	297.46								
8-Jan-16	220.12	294.05								
11-Jan-16	220.31	294.01								
12-Jan-16	222.02	297.86								
13-Jan-16	216.51	290.58								
14-Jan-16	220.13	293.15								
15-Jan-16	215.38	288.29								
19-Jan-16	215.5	288.67								
20-Jan-16	213.01	286.13								
21-Jan-16	214.12	287.58								
22-Jan-16	218.46	291.32								
25-Jan-16	215.05	288.46								
26-Jan-16	218.09	291.12								
27-Jan-16	215.74	287.66								
28-Jan-16	216.95	287.62								
29-Jan-16	222.32	295.35								
1-Feb-16	222.23	296.06								
2-Feb-16	218.07	291.44								
3-Feb-16	219.24	291.32								
4-Feb-16	219.62	289.87								
5-Feb-16	215.57	285.91								
8-Feb-16	212.54	282.64								
9-Feb-16	212.44	284.97								
10-Feb-16	212.47	286.18								
11-Feb-16	209.9	282.39								
12-Feb-16	214.02	286.99								
16-Feb-16	217.63	292.43								
17-Feb-16	221.23	296.76								
18-Feb-16	220.21	295.08								
19-Feb-16	220.24	295.29								
22-Feb-16	223.42	298.76								
23-Feb-16	220.65	298.1								
24-Feb-16	221.65	298.72								
25-Feb-16	224.21	301.15								
26-Feb-16	223.82	300.76								
29-Feb-16	222.02	298.54								
1-Mar-16	227.33	303.51								
2-Mar-16	228.3	303.88								
3-Mar-16	229.12	304.06								
4-Mar-16	229.88	303.36								
7-Mar-16	230.1	303.58								
8-Mar-16	227.56	302.11								
9-Mar-16	228.75	302.43								
10-Mar-16	228.8	302.62								
11-Mar-16	232.62	307.04								
14-Mar-16	232.34	307.68								
15-Mar-16	231.91	307.14								
16-Mar-16	233.23	308.4								
17-Mar-16	234.77	309.38								
18-Mar-16	235.8	311.62								
21-Mar-16	236.04	311.13								
22-Mar-16	235.87	310.99								
23-Mar-16	234.36	309.79								
24-Mar-16	234.27	308.99								
28-Mar-16	234.4	310.14								
29-Mar-16	236.52	311.79								
30-Mar-16	237.57	312.8								
31-Mar-16	237.09	311.83								
1-Apr-16	238.59	314.48								
4-Apr-16	237.88	312.9								
5-Apr-16	235.46	309.84								
6-Apr-16	238.02	312.6								
7-Apr-16	235.18	309.53								
8-Apr-16	235.84	309.77								
11-Apr-16	235.19	308.61								
12-Apr-16	237.47	310.06								
13-Apr-16	239.89	311.94								
14-Apr-16	239.96	311.92								
15-Apr-16	239.72	312.15								
18-Apr-16	241.29	314.15								9.52
19-Apr-16	242.04	314.46								
20-Apr-16	242.24	314.47								
21-Apr-16	240.98	314								
22-Apr-16	241	312.97								
25-Apr-16	240.56	313.68								
26-Apr-16	241.01	314.4								
27-Apr-16	241.43	314.8								
28-Apr-16	239.21	311.14								
29-Apr-16	238.01	310.22								
2-May-16	239.87	311.98								
3-May-16	237.79	309.94								
4-May-16	236.43	308.65								
5-May-16	236.43	307.57								
6-May-16	237.21	308.59								
9-May-16	237.39	310.37								
10-May-16	240.36	312.98								
11-May-16	238.19	308.78								
12-May-16	238.17	309.27								
13-May-16	236.17	307.62								
16-May-16	238.51	309.99								
17-May-16	236.34	306.98								
18-May-16	236.42	305.86								
19-May-16	235.55	305.35								
20-May-16	237	305.63								
23-May-16	236.52	304.44								
24-May-16	239.76	307.61								
25-May-16	241.45	307.65								
26-May-16	241.43	307.83								
27-May-16	242.51	308.85								
31-May-16	242.28	308.87								
1-Jun-16	242.59	308.14								
2-Jun-16	243.31	308.43								
3-Jun-16	242.6	307.74								
6-Jun-16	243.8	308.1								
7-Jun-16	244.12	308.81								
8-Jun-16	244.97	309.51								
9-Jun-16	244.56	310.14								
10-Jun-16	242.32	307.7								
13-Jun-16	240.43	304.86								
14-Jun-16	240.01	304.32								
15-Jun-16	239.59	303.81								
16-Jun-16	240.38	304.84								
17-Jun-16	239.6	304.02								
20-Jun-16	240.99	304.97								
21-Jun-16	241.67	305.35								
22-Jun-16	241.27	304.74								
23-Jun-16	244.5	307.17								
24-Jun-16	235.71	300.9								
27-Jun-16	231.45	298.33								
28-Jun-16	235.61	300.93								
29-Jun-16	239.66	304.78								
30-Jun-16	242.91	307.8								
1-Jul-16	243.43	308.12								
5-Jul-16	241.78	307.22								
6-Jul-16	243.16	308.48								
7-Jul-16	242.97	308.65								
8-Jul-16	246.67	312.84								
11-Jul-16	247.52	312.82								
12-Jul-16	249.25	314.42								
13-Jul-16	249.31	314.36								
14-Jul-16	250.62	315.88								
15-Jul-16	250.39	315.53								
18-Jul-16	251	315.97								
19-Jul-16	250.64	316.33								
20-Jul-16	251.75	318.54								
21-Jul-16	250.84	315.54								
22-Jul-16	251.98	317.44								
25-Jul-16	251.23	316.24								
26-Jul-16	251.32	317.36								
27-Jul-16	251.02	316.29								
28-Jul-16	251.45	316.8								
29-Jul-16	251.86	316.98								
1-Aug-16	251.54	317.49								
2-Aug-16	249.95	314.97								
3-Aug-16	250.81	315.21								
4-Aug-16	250.93	314.42								
5-Aug-16	253.09	316.51								
8-Aug-16	252.88	315.47								
9-Aug-16	252.99	315.63								
10-Aug-16	252.36	315.88								
11-Aug-16	253.59	317.13								
12-Aug-16	253.4	316.89								
15-Aug-16	254.14	317.66								
16-Aug-16	252.79	316.52								
17-Aug-16	253.33	317.47								
18-Aug-16	253.89	317.38								
19-Aug-16	253.56	318.68								
22-Aug-16	253.42	319.69								
23-Aug-16	253.92	319.81								
24-Aug-16	252.61	318.66								
25-Aug-16	252.27	318.53								
26-Aug-16	251.87	317.89								
29-Aug-16	253.22	319.09								
30-Aug-16	252.77	317.99								
31-Aug-16	252.22	317.46								
1-Sep-16	252.21	317.83								
2-Sep-16	253.28	319.57								
6-Sep-16	254.04	318.99								
7-Sep-16	254.07	318.41								
8-Sep-16	253.51	315.6								
9-Sep-16	247.3	308.8								
12-Sep-16	250.94	311.88								
13-Sep-16	247.3	308.91								
14-Sep-16	247.17	308.21								
15-Sep-16	249.71	310.49								
16-Sep-16	248.77	309.38								
19-Sep-16	248.77	309.54								
20-Sep-16	248.84	310.37								
21-Sep-16	251.56	312.41								
22-Sep-16	253.2	314.65								
23-Sep-16	251.75	313.52								
26-Sep-16	249.61	311.47								
27-Sep-16	251.23	313.32								
28-Sep-16	252.62	313.78								
29-Sep-16	250.27	310.85								
30-Sep-16	252.26	313.08								
3-Oct-16	251.47	312.67								
4-Oct-16	250.25	311.05								
5-Oct-16	251.43	311.42								
6-Oct-16	251.56	312.88								
7-Oct-16	250.75	310.5								
10-Oct-16	251.9	311.86								
11-Oct-16	248.77	309.38								
12-Oct-16	249.07	310.35								
13-Oct-16	248.31	309.8								
14-Oct-16	248.36	309.93								
17-Oct-16	247.61	308.65								
18-Oct-16	249.14	310.14								
19-Oct-16	249.72	311.24								
20-Oct-16	249.39	311.92								
21-Oct-16	249.37	311.59								
24-Oct-16	250.56	312.66								
25-Oct-16	249.62	309.49								
26-Oct-16	249.18	307.89								
27-Oct-16	248.45	307.82								
28-Oct-16	247.69	306.63								
31-Oct-16	247.66	307.46								
1-Nov-16	245.98	305.51								
2-Nov-16	244.41	305.39								
3-Nov-16	243.42	303.66								
4-Nov-16	243.02	303.74								
7-Nov-16	248.42	309.43								
8-Nov-16	249.48	308.92								
9-Nov-16	252.26	311.78								
10-Nov-16	252.78	313.58								
11-Nov-16	252.42	314.29								
14-Nov-16	252.43	315.29								
15-Nov-16	254.38	315.92								
16-Nov-16	254.05	316.33								
17-Nov-16	255.25	317.02								
18-Nov-16	254.68	316.75								
21-Nov-16	256.59	316.1								
22-Nov-16	257.15	317.33								
23-Nov-16	257.37	317.79								
25-Nov-16	258.38	318.85								
28-Nov-16	257.06	317.25								
29-Nov-16	257.46	318.16								
30-Nov-16	256.83	316.43								
1-Dec-16	255.94	316.17								
2-Dec-16	256.04	316.72								
5-Dec-16	257.56	317.57								
6-Dec-16	258.45	318.18								
7-Dec-16	261.9	322.42								
8-Dec-16	262.49	322.91								
9-Dec-16	264.05	324.6								
12-Dec-16	263.76	323.45								
13-Dec-16	265.54	325.44								
14-Dec-16	263.4	324.14								
15-Dec-16	264.43	325.99								
16-Dec-16	263.98	325.61								
19-Dec-16	264.5	325.59								
20-Dec-16	265.5	326.38								
21-Dec-16	264.86	325.73								
22-Dec-16	264.4	325.24								
23-Dec-16	264.76	325.66								
27-Dec-16	265.36	326.02								
28-Dec-16	263.18	323.4								
29-Dec-16	263.12	323.57								
30-Dec-16	261.91	321.94								
3-Jan-17	264.14	323.99								
4-Jan-17	265.71	326.28								
5-Jan-17	265.51	325.72								
6-Jan-17	266.53	327.11								
9-Jan-17	265.58	326.69								
10-Jan-17	265.58	327.52								
11-Jan-17	266.36	329.25								
12-Jan-17	265.79	328.43								
13-Jan-17	266.28	329.13								
17-Jan-17	265.49	328.6								
18-Jan-17	266.01	329.27								
19-Jan-17	265.05	327.66								
20-Jan-17	265.95	328.25								
23-Jan-17	265.24	327.25								
24-Jan-17	266.99	329.84								
25-Jan-17	269.13	331.32								
26-Jan-17	268.94	332.81								
27-Jan-17	268.72	333.05								
30-Jan-17	267.11	332.23								
31-Jan-17	266.88	333.11								
1-Feb-17	267.02	332.29								
2-Feb-17	267.19	331.85								
3-Feb-17	269.15	334.17								
6-Feb-17	268.58	332.76								
7-Feb-17	268.66	332.76								
8-Feb-17	268.93	332.95								
9-Feb-17	270.53	336.15								
10-Feb-17	271.51	337.37								
13-Feb-17	273	338.79								
14-Feb-17	274.17	339.81								
15-Feb-17	275.58	342.42								
16-Feb-17	275.37	341.79								
17-Feb-17	275.84	342.1								
21-Feb-17	277.51	342.88								
22-Feb-17	277.23	343.13								
23-Feb-17	277.38	342.08								
24-Feb-17	277.86	343.56								
27-Feb-17	278.18	342.61								
28-Feb-17	277.48	341.13								
1-Mar-17	281.32	345.14								
2-Mar-17	279.69	343.04								
3-Mar-17	279.84	343.32								
6-Mar-17	278.93	341.68								
7-Mar-17	278.14	340.72								
8-Mar-17	277.58	340.74								
9-Mar-17	277.81	340.78								
10-Mar-17	278.72	342.42								
13-Mar-17	278.92	342.67								
14-Mar-17	277.99	341.13								
15-Mar-17	280.32	344.51								
16-Mar-17	279.88	343.39								
17-Mar-17	279.51	344.59								
20-Mar-17	278.96	343.68								
21-Mar-17	275.52	340.8								
22-Mar-17	276.05	341.8								
23-Mar-17	275.76	342.03								
24-Mar-17	275.53	341.89								
27-Mar-17	275.25	341.58								
28-Mar-17	277.25	343.75								
29-Mar-17	277.6	343.19								
30-Mar-17	278.43	344.13								
31-Mar-17	277.8	343.87								
3-Apr-17	277.36	343.29								
4-Apr-17	277.56	342.28								
5-Apr-17	276.74	341.68								
6-Apr-17	277.35	342.46								
7-Apr-17	277.13	342.41								
10-Apr-17	277.33	343.07								
11-Apr-17	276.97	343.02								
12-Apr-17	275.94	341.73								
13-Apr-17	274.06	340.25								
17-Apr-17	276.42	343.13								
18-Apr-17	275.62	343.14								
19-Apr-17	275.19	343.24								
20-Apr-17	277.28	346.08								
21-Apr-17	276.43	346.58								
24-Apr-17	279.43	349.36								
25-Apr-17	281.14	351.28								
26-Apr-17	281	351.33								
27-Apr-17	281.19	351.59								
28-Apr-17	280.65	350.75								
